{
  "accuracy": 0.8408163265306123,
  "classification_report": {
    "Glioma": {
      "precision": 0.8702290076335878,
      "recall": 0.8201438848920863,
      "f1-score": 0.8444444444444444,
      "support": 139.0
    },
    "Meningioma": {
      "precision": 0.7321428571428571,
      "recall": 0.8723404255319149,
      "f1-score": 0.7961165048543689,
      "support": 141.0
    },
    "Normal": {
      "precision": 0.9591836734693877,
      "recall": 0.6266666666666667,
      "f1-score": 0.7581227436823105,
      "support": 75.0
    },
    "Pituitary": {
      "precision": 0.9014084507042254,
      "recall": 0.9481481481481482,
      "f1-score": 0.9242424242424242,
      "support": 135.0
    },
    "macro avg": {
      "precision": 0.8657409972375145,
      "recall": 0.8168247813147041,
      "f1-score": 0.8307315293058870,
      "support": 490.0
    },
    "weighted avg": {
      "precision": 0.8526696832579186,
      "recall": 0.8408163265306123,
      "f1-score": 0.8393008855149476,
      "support": 490.0
    }
  }
}
