{
  "accuracy": 0.9215686274509803,
  "classification_report": {
    "Glioma (Astrocitoma, Ganglioglioma, Glioblastoma, Oligodendroglioma, Ependimoma) T1": {
      "precision": 0.953125,
      "recall": 0.9384615384615385,
      "f1-score": 0.9457364341085271,
      "support": 65.0
    },
    "Glioma (Astrocitoma, Ganglioglioma, Glioblastoma, Oligodendroglioma, Ependimoma) T1C+": {
      "precision": 0.9722222222222222,
      "recall": 0.9210526315789473,
      "f1-score": 0.9459459459459459,
      "support": 76.0
    },
    "Glioma (Astrocitoma, Ganglioglioma, Glioblastoma, Oligodendroglioma, Ependimoma) T2": {
      "precision": 0.9047619047619048,
      "recall": 0.7307692307692307,
      "f1-score": 0.8085106382978723,
      "support": 52.0
    },
    "Meningioma (de Baixo Grau, At\u00edpico, Anapl\u00e1sico, Transicional) T1": {
      "precision": 0.9591836734693877,
      "recall": 0.9038461538461539,
      "f1-score": 0.9306930693069307,
      "support": 52.0
    },
    "Meningioma (de Baixo Grau, At\u00edpico, Anapl\u00e1sico, Transicional) T1C+": {
      "precision": 0.9381443298969072,
      "recall": 0.9680851063829787,
      "f1-score": 0.9528795811518325,
      "support": 94.0
    },
    "Meningioma (de Baixo Grau, At\u00edpico, Anapl\u00e1sico, Transicional) T2": {
      "precision": 0.7164179104477612,
      "recall": 0.9795918367346939,
      "f1-score": 0.8275862068965517,
      "support": 49.0
    },
    "NORMAL T1": {
      "precision": 0.975609756097561,
      "recall": 0.975609756097561,
      "f1-score": 0.975609756097561,
      "support": 41.0
    },
    "NORMAL T2": {
      "precision": 0.8936170212765957,
      "recall": 0.9545454545454546,
      "f1-score": 0.9230769230769231,
      "support": 44.0
    },
    "Neurocitoma (Central - Intraventricular, Extraventricular) T1": {
      "precision": 0.9583333333333334,
      "recall": 0.92,
      "f1-score": 0.9387755102040817,
      "support": 25.0
    },
    "Neurocitoma (Central - Intraventricular, Extraventricular) T1C+": {
      "precision": 0.975,
      "recall": 1.0,
      "f1-score": 0.9873417721518988,
      "support": 39.0
    },
    "Neurocitoma (Central - Intraventricular, Extraventricular) T2": {
      "precision": 1.0,
      "recall": 0.8823529411764706,
      "f1-score": 0.9375,
      "support": 17.0
    },
    "Outros Tipos de Les\u00f5es (Abscessos, Cistos, Encefalopatias Diversas) T1": {
      "precision": 1.0,
      "recall": 1.0,
      "f1-score": 1.0,
      "support": 23.0
    },
    "Outros Tipos de Les\u00f5es (Abscessos, Cistos, Encefalopatias Diversas) T1C+": {
      "precision": 1.0,
      "recall": 1.0,
      "f1-score": 1.0,
      "support": 7.0
    },
    "Outros Tipos de Les\u00f5es (Abscessos, Cistos, Encefalopatias Diversas) T2": {
      "precision": 1.0,
      "recall": 0.5555555555555556,
      "f1-score": 0.7142857142857143,
      "support": 9.0
    },
    "Schwannoma (Acustico, Vestibular - Trigeminal) T1": {
      "precision": 0.875,
      "recall": 0.9130434782608695,
      "f1-score": 0.8936170212765957,
      "support": 23.0
    },
    "Schwannoma (Acustico, Vestibular - Trigeminal) T1C+": {
      "precision": 0.896551724137931,
      "recall": 0.896551724137931,
      "f1-score": 0.896551724137931,
      "support": 29.0
    },
    "Schwannoma (Acustico, Vestibular - Trigeminal) T2": {
      "precision": 0.8823529411764706,
      "recall": 0.8333333333333334,
      "f1-score": 0.8571428571428571,
      "support": 18.0
    },
    "accuracy": 0.9215686274509803,
    "macro avg": {
      "precision": 0.9353129304011809,
      "recall": 0.9042822788753364,
      "f1-score": 0.9138384208283074,
      "support": 663.0
    },
    "weighted avg": {
      "precision": 0.9281554506634173,
      "recall": 0.9215686274509803,
      "f1-score": 0.9213645452511529,
      "support": 663.0
    }
  }
}