{
  "accuracy": 0.665158371040724,
  "classification_report": {
    "Glioma (Astrocitoma, Ganglioglioma, Glioblastoma, Oligodendroglioma, Ependimoma) T1": {
      "precision": 0.6491228070175439,
      "recall": 0.5692307692307692,
      "f1-score": 0.6065573770491803,
      "support": 65.0
    },
    "Glioma (Astrocitoma, Ganglioglioma, Glioblastoma, Oligodendroglioma, Ependimoma) T1C+": {
      "precision": 0.9347826086956522,
      "recall": 0.5657894736842105,
      "f1-score": 0.7049180327868853,
      "support": 76.0
    },
    "Glioma (Astrocitoma, Ganglioglioma, Glioblastoma, Oligodendroglioma, Ependimoma) T2": {
      "precision": 0.7037037037037037,
      "recall": 0.36538461538461536,
      "f1-score": 0.4810126582278481,
      "support": 52.0
    },
    "Meningioma (de Baixo Grau, At\u00edpico, Anapl\u00e1sico, Transicional) T1": {
      "precision": 0.5280898876404494,
      "recall": 0.9038461538461539,
      "f1-score": 0.6666666666666666,
      "support": 52.0
    },
    "Meningioma (de Baixo Grau, At\u00edpico, Anapl\u00e1sico, Transicional) T1C+": {
      "precision": 0.631578947368421,
      "recall": 0.8936170212765957,
      "f1-score": 0.7400881057268722,
      "support": 94.0
    },
    "Meningioma (de Baixo Grau, At\u00edpico, Anapl\u00e1sico, Transicional) T2": {
      "precision": 0.39655172413793105,
      "recall": 0.9387755102040817,
      "f1-score": 0.5575757575757576,
      "support": 49.0
    },
    "NORMAL T1": {
      "precision": 0.8695652173913043,
      "recall": 0.4878048780487805,
      "f1-score": 0.625,
      "support": 41.0
    },
    "NORMAL T2": {
      "precision": 0.6976744186046512,
      "recall": 0.6818181818181818,
      "f1-score": 0.6896551724137931,
      "support": 44.0
    },
    "Neurocitoma (Central - Intraventricular, Extraventricular) T1": {
      "precision": 0.7142857142857143,
      "recall": 0.8,
      "f1-score": 0.7547169811320755,
      "support": 25.0
    },
    "Neurocitoma (Central - Intraventricular, Extraventricular) T1C+": {
      "precision": 0.9393939393939394,
      "recall": 0.7948717948717948,
      "f1-score": 0.8611111111111112,
      "support": 39.0
    },
    "Neurocitoma (Central - Intraventricular, Extraventricular) T2": {
      "precision": 1.0,
      "recall": 0.5294117647058824,
      "f1-score": 0.6923076923076923,
      "support": 17.0
    },
    "Outros Tipos de Les\u00f5es (Abscessos, Cistos, Encefalopatias Diversas) T1": {
      "precision": 0.9473684210526315,
      "recall": 0.782608695652174,
      "f1-score": 0.8571428571428571,
      "support": 23.0
    },
    "Outros Tipos de Les\u00f5es (Abscessos, Cistos, Encefalopatias Diversas) T1C+": {
      "precision": 1.0,
      "recall": 0.42857142857142855,
      "f1-score": 0.6,
      "support": 7.0
    },
    "Outros Tipos de Les\u00f5es (Abscessos, Cistos, Encefalopatias Diversas) T2": {
      "precision": 0.0,
      "recall": 0.0,
      "f1-score": 0.0,
      "support": 9.0
    },
    "Schwannoma (Acustico, Vestibular - Trigeminal) T1": {
      "precision": 0.8666666666666667,
      "recall": 0.5652173913043478,
      "f1-score": 0.6842105263157895,
      "support": 23.0
    },
    "Schwannoma (Acustico, Vestibular - Trigeminal) T1C+": {
      "precision": 0.9411764705882353,
      "recall": 0.5517241379310345,
      "f1-score": 0.6956521739130435,
      "support": 29.0
    },
    "Schwannoma (Acustico, Vestibular - Trigeminal) T2": {
      "precision": 1.0,
      "recall": 0.2777777777777778,
      "f1-score": 0.43478260869565216,
      "support": 18.0
    },
    "accuracy": 0.665158371040724,
    "macro avg": {
      "precision": 0.7541153250909908,
      "recall": 0.5962617408416371,
      "f1-score": 0.6265528071214838,
      "support": 663.0
    },
    "weighted avg": {
      "precision": 0.7359720399578482,
      "recall": 0.665158371040724,
      "f1-score": 0.659743986411274,
      "support": 663.0
    }
  }
}