{
  "accuracy": 0.7812971342383107,
  "classification_report": {
    "Glioma (Astrocitoma, Ganglioglioma, Glioblastoma, Oligodendroglioma, Ependimoma) T1": {
      "precision": 0.9090909090909091,
      "recall": 0.7692307692307693,
      "f1-score": 0.8333333333333334,
      "support": 65.0
    },
    "Glioma (Astrocitoma, Ganglioglioma, Glioblastoma, Oligodendroglioma, Ependimoma) T1C+": {
      "precision": 0.8470588235294118,
      "recall": 0.9473684210526315,
      "f1-score": 0.8944099378881988,
      "support": 76.0
    },
    "Glioma (Astrocitoma, Ganglioglioma, Glioblastoma, Oligodendroglioma, Ependimoma) T2": {
      "precision": 0.5517241379310345,
      "recall": 0.3076923076923077,
      "f1-score": 0.3950617283950617,
      "support": 52.0
    },
    "Meningioma (de Baixo Grau, At\u00edpico, Anapl\u00e1sico, Transicional) T1": {
      "precision": 0.7413793103448276,
      "recall": 0.8269230769230769,
      "f1-score": 0.7818181818181819,
      "support": 52.0
    },
    "Meningioma (de Baixo Grau, At\u00edpico, Anapl\u00e1sico, Transicional) T1C+": {
      "precision": 0.8557692307692307,
      "recall": 0.9468085106382979,
      "f1-score": 0.898989898989899,
      "support": 94.0
    },
    "Meningioma (de Baixo Grau, At\u00edpico, Anapl\u00e1sico, Transicional) T2": {
      "precision": 0.3983739837398374,
      "recall": 1.0,
      "f1-score": 0.5697674418604651,
      "support": 49.0
    },
    "NORMAL T1": {
      "precision": 0.975609756097561,
      "recall": 0.975609756097561,
      "f1-score": 0.975609756097561,
      "support": 41.0
    },
    "NORMAL T2": {
      "precision": 1.0,
      "recall": 0.38636363636363635,
      "f1-score": 0.5573770491803278,
      "support": 44.0
    },
    "Neurocitoma (Central - Intraventricular, Extraventricular) T1": {
      "precision": 0.8461538461538461,
      "recall": 0.88,
      "f1-score": 0.8627450980392157,
      "support": 25.0
    },
    "Neurocitoma (Central - Intraventricular, Extraventricular) T1C+": {
      "precision": 0.95,
      "recall": 0.9743589743589743,
      "f1-score": 0.9620253164556962,
      "support": 39.0
    },
    "Neurocitoma (Central - Intraventricular, Extraventricular) T2": {
      "precision": 1.0,
      "recall": 0.47058823529411764,
      "f1-score": 0.64,
      "support": 17.0
    },
    "Outros Tipos de Les\u00f5es (Abscessos, Cistos, Encefalopatias Diversas) T1": {
      "precision": 1.0,
      "recall": 0.8260869565217391,
      "f1-score": 0.9047619047619048,
      "support": 23.0
    },
    "Outros Tipos de Les\u00f5es (Abscessos, Cistos, Encefalopatias Diversas) T1C+": {
      "precision": 1.0,
      "recall": 0.5714285714285714,
      "f1-score": 0.7272727272727273,
      "support": 7.0
    },
    "Outros Tipos de Les\u00f5es (Abscessos, Cistos, Encefalopatias Diversas) T2": {
      "precision": 0.0,
      "recall": 0.0,
      "f1-score": 0.0,
      "support": 9.0
    },
    "Schwannoma (Acustico, Vestibular - Trigeminal) T1": {
      "precision": 0.8947368421052632,
      "recall": 0.7391304347826086,
      "f1-score": 0.8095238095238095,
      "support": 23.0
    },
    "Schwannoma (Acustico, Vestibular - Trigeminal) T1C+": {
      "precision": 1.0,
      "recall": 0.8275862068965517,
      "f1-score": 0.9056603773584906,
      "support": 29.0
    },
    "Schwannoma (Acustico, Vestibular - Trigeminal) T2": {
      "precision": 0.9090909090909091,
      "recall": 0.5555555555555556,
      "f1-score": 0.6896551724137931,
      "support": 18.0
    },
    "accuracy": 0.7812971342383107,
    "macro avg": {
      "precision": 0.8164110440501665,
      "recall": 0.7061606713433176,
      "f1-score": 0.7298830431405099,
      "support": 663.0
    },
    "weighted avg": {
      "precision": 0.8232546331386915,
      "recall": 0.7812971342383107,
      "f1-score": 0.7744387058167176,
      "support": 663.0
    }
  }
}