{
  "accuracy": 0.808446455505279,
  "classification_report": {
    "Glioma (Astrocitoma, Ganglioglioma, Glioblastoma, Oligodendroglioma, Ependimoma) T1": {
      "precision": 0.9074074074074074,
      "recall": 0.7538461538461538,
      "f1-score": 0.8235294117647058,
      "support": 65.0
    },
    "Glioma (Astrocitoma, Ganglioglioma, Glioblastoma, Oligodendroglioma, Ependimoma) T1C+": {
      "precision": 0.9836065573770492,
      "recall": 0.7894736842105263,
      "f1-score": 0.8759124087591241,
      "support": 76.0
    },
    "Glioma (Astrocitoma, Ganglioglioma, Glioblastoma, Oligodendroglioma, Ependimoma) T2": {
      "precision": 0.7857142857142857,
      "recall": 0.4230769230769231,
      "f1-score": 0.55,
      "support": 52.0
    },
    "Meningioma (de Baixo Grau, At\u00edpico, Anapl\u00e1sico, Transicional) T1": {
      "precision": 0.7547169811320755,
      "recall": 0.7692307692307693,
      "f1-score": 0.7619047619047619,
      "support": 52.0
    },
    "Meningioma (de Baixo Grau, At\u00edpico, Anapl\u00e1sico, Transicional) T1C+": {
      "precision": 0.8829787234042553,
      "recall": 0.8829787234042553,
      "f1-score": 0.8829787234042553,
      "support": 94.0
    },
    "Meningioma (de Baixo Grau, At\u00edpico, Anapl\u00e1sico, Transicional) T2": {
      "precision": 0.6060606060606061,
      "recall": 0.8163265306122449,
      "f1-score": 0.6956521739130435,
      "support": 49.0
    },
    "NORMAL T1": {
      "precision": 0.926829268292683,
      "recall": 0.926829268292683,
      "f1-score": 0.926829268292683,
      "support": 41.0
    },
    "NORMAL T2": {
      "precision": 0.6212121212121212,
      "recall": 0.9318181818181818,
      "f1-score": 0.7454545454545455,
      "support": 44.0
    },
    "Neurocitoma (Central - Intraventricular, Extraventricular) T1": {
      "precision": 0.71875,
      "recall": 0.92,
      "f1-score": 0.8070175438596491,
      "support": 25.0
    },
    "Neurocitoma (Central - Intraventricular, Extraventricular) T1C+": {
      "precision": 0.8837209302325582,
      "recall": 0.9743589743589743,
      "f1-score": 0.926829268292683,
      "support": 39.0
    },
    "Neurocitoma (Central - Intraventricular, Extraventricular) T2": {
      "precision": 1.0,
      "recall": 0.8235294117647058,
      "f1-score": 0.9032258064516129,
      "support": 17.0
    },
    "Outros Tipos de Les\u00f5es (Abscessos, Cistos, Encefalopatias Diversas) T1": {
      "precision": 1.0,
      "recall": 0.8695652173913043,
      "f1-score": 0.9302325581395349,
      "support": 23.0
    },
    "Outros Tipos de Les\u00f5es (Abscessos, Cistos, Encefalopatias Diversas) T1C+": {
      "precision": 0.7777777777777778,
      "recall": 1.0,
      "f1-score": 0.875,
      "support": 7.0
    },
    "Outros Tipos de Les\u00f5es (Abscessos, Cistos, Encefalopatias Diversas) T2": {
      "precision": 0.6666666666666666,
      "recall": 0.2222222222222222,
      "f1-score": 0.3333333333333333,
      "support": 9.0
    },
    "Schwannoma (Acustico, Vestibular - Trigeminal) T1": {
      "precision": 0.8260869565217391,
      "recall": 0.8260869565217391,
      "f1-score": 0.8260869565217391,
      "support": 23.0
    },
    "Schwannoma (Acustico, Vestibular - Trigeminal) T1C+": {
      "precision": 0.7428571428571429,
      "recall": 0.896551724137931,
      "f1-score": 0.8125,
      "support": 29.0
    },
    "Schwannoma (Acustico, Vestibular - Trigeminal) T2": {
      "precision": 0.6666666666666666,
      "recall": 0.7777777777777778,
      "f1-score": 0.717948717948718,
      "support": 18.0
    },
    "accuracy": 0.808446455505279,
    "macro avg": {
      "precision": 0.8088854171366491,
      "recall": 0.8002160305097878,
      "f1-score": 0.7879079692964934,
      "support": 663.0
    },
    "weighted avg": {
      "precision": 0.8269826193285407,
      "recall": 0.808446455505279,
      "f1-score": 0.8052598846169768,
      "support": 663.0
    }
  }
}